{"1:69270:rs201219564:A:G": 0.12254901960784313, "1:69511:rs75062661:A:G": 0.3112745098039216, "1:884101:.:A:C": 0.11519607843137254, "1:889158:.:GA:CC": 0.49754901960784315, "1:898046:rs375789802:G:A": 0.0024509803921568627, "1:899922:.:G:GGATGT": 0.03676470588235294, "1:900009:.:CG:GGC": 0.03431372549019608, "1:900009:rs371055706:CG:C": 0.031862745098039214}