{"1:69270:rs201219564:A:G": 0.12254901960784313, "1:69511:rs75062661:A:G": 0.3112745098039216, "1:884101:.:A:C": 0.11519607843137254, "1:889158:.:GA:CC": 0.49754901960784315, "1:898046:rs375789802:G:A": 0.0024509803921568627, "1:899922:.:G:GGATGT": 0.03676470588235294, "1:900009:.:CG:GGC": 0.03431372549019608, "1:900009:rs371055706:CG:C": 0.031862745098039214, "1:900252:rs114635344:G:A": 0.0392156862745098, "1:900285:.:CA:TG": 0.4852941176470588, "1:976428:rs113660126:C:A": 0.16176470588235295, "1:976481:.:CGGAGCGGGGCG:C": 0.4877450980392157, "1:976514:rs79290478:C:A": 0.49754901960784315, "1:978762:rs138288952:G:A": 0.0196078431372549, "1:982844:rs76264143:G:C": 0.07598039215686274, "1:985446:.:GGGG:TGGA": 0.3284313725490196, "1:1245266:.:CAA:C": 0.0024509803921568627, "1:1247578:.:T:TGGGG": 0.012254901960784314}